date	mi_mu	mi_sigma	r_mu	r_sigma	m	mi_mu_afa	mi_sigma_afa	r_mu_afa	r_sigma_afa	m_afa
1945-11-01	-0.00025799578739323667	0.0326725538894797	0.00034597007428026214	0.0004529908750114873	0.0003242213032717573	-8.48730282294595e-05	0.021141688218536913	0.00016954371919400716	0.0002084809460004082	0.00016715576039150486
1945-12-01	-3.246027296578357e-05	0.01575282668238052	9.042814759816569e-05	9.289000394555345e-05	9.604898217903655e-05	-7.060207662533468e-05	0.02047766833259912	0.0001597464025999597	0.00019556450081188397	0.0001580351464891206
1946-01-01	-2.3244626360987253e-05	0.014704471263097546	8.155141259054814e-05	9.84432991017192e-05	8.966842044398683e-05	-5.6331125021209876e-05	0.01981364844666133	0.00014994908600591227	0.00018264805562335983	0.0001489145325867364
1946-02-01	-5.3004137796174844e-05	0.017861807129372523	0.0001139134609629715	0.00012946233181369355	0.00011810903202956152	-4.206017341708508e-05	0.019149628560723535	0.00014015176941186485	0.0001697316104348357	0.00013979391868435218
1946-03-01	8.829788117374096e-05	0.02011078814577505	0.000139410079773911	0.00015514447055007502	0.00013874237309413398	-2.7789221812960256e-05	0.018485608674785742	0.0001303544528178174	0.00015681516524631152	0.00013067330478196796
1946-04-01	8.12640566685626e-05	0.016550408673723527	9.749605492628255e-05	0.00011234364120681791	0.00010074325622111002	-1.351827020883546e-05	0.017821588788847948	0.00012055713622377	0.00014389872005778735	0.00012155269087958376
1946-05-01	2.682806968936572e-06	0.014826865745610639	8.143178303932931e-05	0.00011023995425555744	8.765511949028968e-05	7.526813952893567e-07	0.017157568902910158	0.00011075981962972256	0.00013098227486926317	0.00011243207697719953
1946-09-01	3.338998125730106e-05	0.015406810667447915	8.177469301615761e-05	8.314151199292846e-05	8.151707284560513e-05	1.6881751462467525e-05	0.016078105234917674	9.575678548467703e-05	0.00011259630085933418	9.84134374362685e-05
1946-10-01	1.9273221929431626e-05	0.014099258671519564	7.120962086486596e-05	8.732537924635354e-05	7.401367792691385e-05	2.9727635286685672e-05	0.015350295546687136	8.54534023123593e-05	9.927877356927261e-05	8.868998530857776e-05
1946-11-01	8.4027046468924e-06	0.014301788612485503	7.469835703583927e-05	8.826368563523174e-05	7.944658897558839e-05	3.9290332867943805e-05	0.014974139838218551	7.984967011276943e-05	9.102969299907849e-05	8.326172059412728e-05
1946-12-01	-1.892950575174766e-06	0.013772946979371087	6.808096366797085e-05	7.219284879397828e-05	7.123662493537934e-05	4.556984420624191e-05	0.014949638109511911	7.894558888590741e-05	8.784905914875178e-05	8.212864329291711e-05
1947-02-01	6.709861732171527e-05	0.016406568516954795	9.497909382484557e-05	9.694913340917728e-05	9.726821054329382e-05	4.8566169301579994e-05	0.015276790360567219	8.274115863177323e-05	8.973687201829252e-05	8.529075340494723e-05
1947-03-01	7.797336326353821e-05	0.01658130076061367	9.893391360524374e-05	0.0001233824383378481	0.00010294633874693724	4.8279308153958056e-05	0.015955596591384475	9.123637935036688e-05	9.66931316077007e-05	9.27480509302176e-05
1947-04-01	7.686689612595219e-05	0.015350221921170021	8.34215167160096e-05	8.616719448689678e-05	8.55166295176861e-05	5.722703739583453e-05	0.01622804859810959	9.401841815286335e-05	9.688283041759179e-05	9.502421278599093e-05
1947-05-01	0.00012115622510992245	0.013813615804048275	6.571052181190145e-05	5.340220553354175e-05	6.56164070707972e-05	6.265925093837441e-05	0.016504858070499662	9.691807901064529e-05	9.804531691744444e-05	9.747047464720083e-05
1947-06-01	9.529796564935034e-05	0.014068571160019576	6.916612107529066e-05	6.726582317562769e-05	6.976304804277294e-05	6.457594878157769e-05	0.016786025008554688	9.99353619237127e-05	0.0001001805911072586	0.00010008683651384736
1947-07-01	0.00012023702684197517	0.017983819042768877	0.0001124501285881854	0.00012359818212387546	0.00011244965517124826	6.29771309254444e-05	0.01707154941227467	0.00010307026689206558	0.00010328865298703431	0.00010287329838593054
1947-08-01	-2.44617337930034e-05	0.021582805496849773	0.00015700219773590388	0.00013050235190846876	0.0001527363238169912	5.78627973699745e-05	0.017361431281659612	0.00010632279391570397	0.00010736950255677153	0.00010582986026345028
1947-09-01	3.1606881254617655e-05	0.01922818230913845	0.00012721402057322631	0.00013458000200062355	0.0001255589650093258	4.9232948115168026e-05	0.017655670616709505	0.00010969294299462781	0.00011242313981647031	0.0001089565221464067
1947-10-01	-5.0304973487302323e-05	0.016715007787879592	9.483427231006819e-05	9.29325841809995e-05	9.295952392502789e-05	3.9262770111454314e-05	0.0180828431513729	0.00011440081980665774	0.00011762190940745656	0.00011312976423535415
1947-11-01	1.585833326259025e-05	0.017539746684827003	0.00010595967666763677	0.00010569707364318594	0.00010494995105614996	3.2957344608500084e-05	0.01843914222042167	0.00011853822787945858	0.0001226057352974298	0.00011691028247734505
1947-12-01	6.818673530446021e-05	0.015705675469317226	8.398050402641481e-05	7.551680008629921e-05	8.224299706344288e-05	3.0316671606305348e-05	0.018724567823855814	0.00012210516721303035	0.00012737461748639	0.00012029807687237933
1948-01-01	2.693721956143862e-05	0.01890475144029275	0.00012319331786883058	0.0001333801131551226	0.0001217874754726992	3.1340751104870095e-05	0.01893911996167533	0.00012510163780737307	0.00013192855597433725	0.00012329314742045704
1948-02-01	5.383938667243797e-05	0.022050489757863764	0.00016624739313270392	0.00016289730450244836	0.00016343637017499372	3.602958310419434e-05	0.019082798633880224	0.0001275276396624867	0.00013626755076127152	0.00012589549412157815
1948-03-01	2.6834999731206955e-05	0.01999953038243457	0.00013789467481874627	0.00017217874447917616	0.0001364711028352145	4.438316760427808e-05	0.019155603840470495	0.00012938317277837126	0.0001403916018471927	0.0001281051169757427
1948-04-01	-5.88018307622624e-05	0.025790775325216217	0.00023373551805541852	0.0002984414189466834	0.0002361359775620413	5.237826458779172e-05	0.019470907279008423	0.0001342370550759811	0.0001483424868690873	0.0001331217378389172
1948-05-01	0.0002343543103663142	0.016540158878062178	9.042774741261119e-05	9.596619482498271e-05	8.600024760082873e-05	5.68990368255229e-05	0.01963579726412131	0.00013688758580206628	0.00015317151220462115	0.00013586986986960974
1948-06-01	0.00020131620731158152	0.015824191439279295	8.338516837796591e-05	6.923117851011129e-05	7.998970474995854e-05	5.794548431747164e-05	0.019650273795809164	0.00013733476495662682	0.00015487867785379426	0.00013634951306782034
1948-07-01	-8.580305536656144e-05	0.021697781039785344	0.00016140102065363915	0.00017680124960736636	0.00015932521044896615	5.5517607063637935e-05	0.019514336874071978	0.0001355785925396627	0.00015346398381660664	0.00013456066743354895
1948-09-01	0.000148384398759728	0.01638029171367668	9.108493978905782e-05	6.858044176029514e-05	8.910089138369778e-05	4.961540506402177e-05	0.019227986498909756	0.00013161906855117388	0.00014892743009305831	0.0001305033329667956
1948-10-01	-3.5427433752634245e-05	0.02264626769834334	0.0001826229924325069	0.00023888771831621092	0.00018740810340230833	4.023887831862316e-05	0.01879122267032249	0.00012545619299116046	0.00014126901668314924	0.00012417750966756027
1948-11-01	-3.6671322728129765e-05	0.01672240193140417	9.648238296978002e-05	8.486906571062423e-05	9.564500671124573e-05	2.7784938998589418e-05	0.018569456619983486	0.00012247501311300966	0.00013853970419469168	0.00012134102654041828
1948-12-01	0.00010115423424811381	0.015633771975435296	8.172519652514015e-05	7.151700582148476e-05	7.855883134296864e-05	1.8111871691947556e-05	0.018477684151909576	0.00012135045278367707	0.00013820131301562564	0.0001204010213128375
1949-01-01	-1.826168195525146e-05	0.015859143266493108	8.665585118980446e-05	9.263562587337354e-05	8.565467258706641e-05	1.1219676398697578e-05	0.018515905266100766	0.00012208251200316266	0.000140253843145951	0.00012135749398481795
1949-02-01	-5.796282112813684e-05	0.023636799808050273	0.00019404928631907664	0.00027749930979131045	0.00019287149552845204	7.108353118839481e-06	0.018684119962557047	0.00012467119077146644	0.00014469729458566784	0.0001242104445563596
1949-03-01	0.00012859681422182495	0.01637516773924927	9.047917833645645e-05	9.029564221195759e-05	8.778995927887883e-05	5.777901852373267e-06	0.018982328241278424	0.00012911648908858842	0.00015153166733477617	0.0001289598730274625
1949-04-01	-2.4607400803692224e-05	0.017179613516762633	0.00010098655200488212	9.959362102736333e-05	9.935642224665645e-05	7.228322599298938e-06	0.019410530102264904	0.0001354184069545286	0.00016075696139327593	0.00013560577939812665
1949-05-01	-0.00015609806557649283	0.02404104701680962	0.00020894009393162543	0.0003023558783713137	0.00021641952556937424	7.1293061120028645e-06	0.019715524932229476	0.00013984544779423083	0.00016782397804124572	0.00014026230389197205
1949-06-01	0.00021754101092263207	0.019698538328692828	0.0001273615062964308	0.0001352690234325371	0.0001202097636849717	6.926492538963875e-06	0.019907396731369896	0.0001424460547779158	0.00017136530722612736	0.0001429349531689049
1949-07-01	4.763225358461242e-05	0.019363687227673256	0.00012858586686636492	0.00016482766371274894	0.00012652435477776525	6.619881880181982e-06	0.01998614549968616	0.0001432202279055835	0.00017138094894792098	0.0001436237272289253
1949-08-01	-0.0002167881114796598	0.026491072431015304	0.00025665865692876095	0.0003104272166933629	0.00027084932062124264	6.209474135657173e-06	0.01995177123717827	0.00014216796717723393	0.0001678709032066265	0.00014232862607203322
1949-09-01	-5.0240871391827266e-05	0.018694388431215292	0.00012148189723651861	0.00014085199602196334	0.00012137950031630597	5.695269305389447e-06	0.019804273943846228	0.00013928927259286708	0.00016083517000224393	0.00013904964969822868
1949-10-01	0.00019510158962952737	0.015994991958299367	8.440982937152408e-05	8.081073112833614e-05	8.020817610841034e-05	5.077267389378815e-06	0.01954365361969003	0.00013458414415248298	0.0001502737493347733	0.0001337867981075116
1949-11-01	3.0422293947159685e-05	0.019056561253541802	0.00012155511425227851	0.00014059907601534795	0.00011661941935784897	1.8034552712155314e-05	0.01909491349666531	0.00012722525537409558	0.0001366956389659696	0.0001256291307756489
1949-12-01	7.270776382257539e-05	0.019161042659415106	0.000122762159930882	0.00012956974753963653	0.00011766761203343615	2.8255714038182768e-05	0.018765255902707785	0.0001217289341440407	0.00012671143304326647	0.00011948709107217979
1950-01-01	-0.0001224043476221392	0.019648314962660767	0.00013474321454472543	0.0001313251726074709	0.00013606012726746704	3.574075136746115e-05	0.018554680837817444	0.00011809518046231824	0.00012032113156666391	0.00011536067899710432
1950-02-01	9.524355344777091e-05	0.015894324930058202	8.465439354707184e-05	7.517593591010663e-05	8.160243046830538e-05	4.048966469999047e-05	0.018463188301994296	0.00011632399432892825	0.00011752473453616194	0.0001132498945504225
1950-03-01	2.580464446553894e-06	0.019200419490373613	0.00012493661602110232	0.00013808327958001612	0.00012145452070033511	4.2502454035770726e-05	0.018490778295238333	0.00011641537574387073	0.00011832224195176054	0.00011315473773213431
1950-04-01	-2.5085656865095914e-05	0.01964349484945256	0.0001325179730501114	0.00010466939931184913	0.00013087720224553166	4.177911937480194e-05	0.018637450817549566	0.00011836932470714568	0.00012271365381345971	0.00011507520854223976
1950-05-01	6.746517063211504e-05	0.019268631714588445	0.0001236658472419972	0.00014173586936710726	0.00011804384341026427	3.6382849275482735e-05	0.01883455915128456	0.00012104516374994438	0.00012567914367212513	0.00011783091173035475
1950-06-01	0.00025411374408811153	0.016187240121233078	8.534167438244044e-05	9.516192850093367e-05	8.010391500500128e-05	3.2837630822002955e-05	0.018946312425457863	0.000122633521022526	0.0001275773566516285	0.0001194759707085566
1950-07-01	4.122529679896555e-05	0.01857321985655731	0.00011632721587498407	0.00012677484826442134	0.00011257660234727961	3.114346401436259e-05	0.018972710640069473	0.00012313439652489054	0.0001284082927519699	0.00012001038547684532
1950-09-01	-2.2532920847523163e-05	0.01938911746678436	0.00012781026277359548	0.00013540204634496036	0.00012459833600073525	3.130034885256165e-05	0.018913753795119392	0.000122547790257038	0.0001281719519731493	0.00011943415603522091
1950-10-01	-6.137481704295803e-05	0.021766952567109542	0.0001652183488098788	0.00017274399874115916	0.00016562478885990777	3.3308285336600126e-05	0.018769441890607624	0.0001208737022189684	0.00012686833431516673	0.00011774728238368338
1950-11-01	1.5666417437362026e-05	0.018502548798070204	0.00011485857139230221	0.00012322546626363122	0.00011054073724459379	3.7167273466478004e-05	0.018539774926534164	0.00011811213241068173	0.0001244974397780221	0.00011494976452223269
1950-12-01	2.4674756603050344e-05	0.01515962821543568	7.734997067304163e-05	6.341512709335693e-05	7.482109855343959e-05	3.831964280700998e-05	0.01832213176251686	0.00011560382106700381	0.00012273383990573077	0.00011243882537039559
1951-01-01	-6.797997495081101e-05	0.02277212458722291	0.0001797932586715145	0.0002443160508444113	0.0001788603917123956	3.969615850668409e-05	0.018187411561971914	0.00011404458072104888	0.00012182384235813552	0.00011082637018583637
1951-03-01	3.528662842383163e-05	0.018833946522640147	0.00012178314530877456	0.00011740274667278535	0.00012005555675111425	4.129682056550033e-05	0.018135614324899317	0.00011343441137281695	0.00012176744713523634	0.00011011239896855499
1951-04-01	2.9569210184772095e-05	0.015523591814037308	8.15325586380052e-05	8.133164990144039e-05	7.925924973640104e-05	4.31216289834587e-05	0.018166740051299073	0.00011377331302230801	0.00012256465423703323	0.00011029691171855151
1951-05-01	7.760072377113381e-05	0.016127122576374723	8.705344497786895e-05	7.630884474170667e-05	8.373240565683041e-05	4.51705837605592e-05	0.01828078874117118	0.00011506128566952208	0.00012421546366352617	0.00011137990843582593
1951-06-01	0.00011454597683126019	0.019269454955437818	0.00012220544954434805	0.00013597874106652448	0.0001152528112655304	4.744368489680184e-05	0.018477760394515638	0.00011729832931445915	0.0001267198754147152	0.00011336138912037821
1951-07-01	0.00013981290448502405	0.014310876664105125	6.731574425729516e-05	6.001605920845318e-05	6.36712659473594e-05	6.0864011873564996e-05	0.018595866019214848	0.00011794861416412412	0.00012678906926385746	0.00011341449353860538
1951-09-01	0.0003371636122236282	0.022441430250164925	0.00016092580321476078	0.00017219648473148155	0.0001479660195989402	6.966244840177975e-05	0.018715583328989056	0.00011902375992152844	0.00012802067952690456	0.00011411049785089036
1951-10-01	7.609560446877375e-06	0.02079273002706401	0.00014658608612920922	0.0001781446703140946	0.00014249622277837798	7.38389944814461e-05	0.018836912323838273	0.00012052376658667211	0.00013041470620385654	0.00011544940205723324
1951-11-01	-2.1974909388497306e-05	0.018147323709092885	0.00011182997993661323	0.0001239113162558092	0.0001088978712628441	7.339365011256406e-05	0.018959853003762503	0.00012244863415955515	0.00013397114929471337	0.00011743120615763394
1951-12-01	1.9762936349817328e-05	0.016953356490067097	9.708427291686003e-05	8.443310857006908e-05	9.429363366647097e-05	6.832641529513363e-05	0.01908440536876174	0.00012479836264017756	0.00013869000879947503	0.00012005591015209252
1952-01-01	-9.496993875902484e-05	0.02137675051899046	0.00015655999542737534	0.0001866781147275335	0.00015385079439061896	5.863729002915482e-05	0.01921056941883598	0.00012757295202853934	0.00014457128471814156	0.00012332351404060896
1952-02-01	5.240749341078551e-05	0.0197755495806744	0.0001309348573120577	0.00014244696928859634	0.00012559535514847136	4.1481547681099e-05	0.01927971792432133	0.00012916244282595445	0.00014940727009321418	0.00012548747006110682
1952-03-01	0.00021790389637903518	0.018129335304853673	0.00010715386727965651	0.0001136050832828638	0.00010028240302225612	2.9739959123144487e-05	0.019336748261519442	0.00013043296713459326	0.00015215210169909832	0.00012714428387794813
1952-04-01	4.51759366188342e-05	0.01592006816337333	8.407499391596209e-05	7.966605799225444e-05	8.007105976645178e-05	2.341252435529129e-05	0.01938166043043032	0.0001313845249544558	0.0001528057795357939	0.0001282939554911329
1952-05-01	7.003103050159954e-05	0.016586771484905956	9.134153113978772e-05	8.640519427344021e-05	8.713816967689645e-05	2.2499243377539414e-05	0.01941445443105395	0.000132017116285542	0.00015136830360330092	0.0001289364849006612
1952-09-01	-0.00014733240526893838	0.027290604643326784	0.0002609727403617409	0.0003919881864264833	0.00026268047807299303	2.700011618988885e-05	0.019435130263390353	0.0001323307411278519	0.00014783967390161944	0.00012907187210653293
1952-10-01	2.2148676548611664e-05	0.018743150652811274	0.00012146305493534463	0.00012395671519823637	0.0001210095979307056	3.6915142792339606e-05	0.019443687927439512	0.00013232539948138553	0.00014221989043074939	0.00012870011710874817
1952-11-01	1.5334551814365712e-05	0.017175403337361377	0.00010020088413375355	8.570534246835075e-05	9.78729628825131e-05	4.094771764937459e-05	0.019355398036485456	0.00013131986633202497	0.0001364624192831741	0.00012772617545630404
1952-12-01	-4.221580978739047e-05	0.017751080801142308	0.0001077340580321087	0.00010386812874836146	0.00010582385625989447	4.427402753997224e-05	0.01919151708964758	0.00012921865985027404	0.000130464489183208	0.00012567716145888414
1953-02-01	0.00013849581246677898	0.017883762376331245	0.00010502817557270504	9.422569813678589e-05	9.92006297384855e-05	4.6894072464132515e-05	0.018952045086925877	0.00012602178003613283	0.000124226100130851	0.00012255307511648846
1953-03-01	7.01200678852244e-05	0.016648292749389837	9.285139172032422e-05	7.50384793218263e-05	8.955713424810116e-05	4.8807852421855435e-05	0.018636982028320356	0.00012172922688960126	0.00011774725212610314	0.00011835391642911702
1953-04-01	0.00020897643336393224	0.018091229561990652	0.00010681353759018796	0.00013264071030459986	9.991340466732946e-05	5.0015367413141017e-05	0.018246327913831017	0.00011634100041067935	0.0001110279451689644	0.00011307968539676982
1953-05-01	-7.61788888733989e-05	0.027395943881562305	0.0002551011058370074	0.00023263389543040972	0.000250105676609009	5.0516617437989234e-05	0.017780082743457853	0.00010985710059936715	0.00010406817925943483	0.00010673038201944684
1953-06-01	7.110761306761386e-05	0.014174901385946318	6.78835156195412e-05	7.168542129132956e-05	6.598441109197463e-05	4.3117123975919714e-05	0.017749369711864183	0.00011067975671565105	0.00010329403774098382	0.00010766328492652901
1953-07-01	7.575929433537449e-05	0.016404468454305068	9.01723328946871e-05	8.12078305112531e-05	8.68159079822776e-05	3.9545556003482826e-05	0.01774418153600167	0.00011133275728546652	0.00010330479680217276	0.00010836034389033022
1953-09-01	4.849874309577259e-05	0.014703411915550732	7.3280831827964e-05	6.286151743289791e-05	7.158736113827516e-05	3.9801913520678584e-05	0.01776451821587032	0.00011181610230881354	0.00010410045644300157	0.00010882155891085035
1953-10-01	4.826135374103698e-05	0.016733371722841932	9.54812241296043e-05	9.836426577022996e-05	9.358800464698997e-05	4.388619652750699e-05	0.01781037975147012	0.00011212979178569212	0.00010568101666347027	0.00010904692998808948
1953-11-01	7.724341697819606e-05	0.01766339457591142	0.00010440365159139358	9.373003948743395e-05	0.0001004175206446114	5.179840502396804e-05	0.017881766142801084	0.00011227382571610224	0.00010804647746357888	0.00010903645712204762
1953-12-01	-8.352379422575955e-07	0.017772664249807637	0.00010772854390715114	9.696828627093782e-05	0.00010561849841264184	6.353853901006174e-05	0.017978677389863203	0.00011224820410004393	0.00011119683884332738	0.00010879014031272473
1954-02-01	3.489494601996614e-05	0.01581469758259049	8.446225648520187e-05	6.286700587342714e-05	8.201806622548281e-05	7.220160392875849e-05	0.01795414496508462	0.00011034645134697525	0.00011187463015822805	0.00010673328176834758
1954-03-01	2.25681956045257e-05	0.019065414405550762	0.00012335743751165857	0.00013182399509306179	0.00012006468464476183	7.835672171306815e-05	0.017953612568899577	0.00010921264396682089	0.00011246354196143876	0.00010552177940951376
1954-04-01	8.416676551600316e-05	0.01709543377561996	9.67219240583461e-05	8.48114994204033e-05	9.19533955451857e-05	8.200389236299077e-05	0.017977080201308067	0.00010884678195958089	0.00011296357425295947	0.00010515563323622326
1954-05-01	-3.5366933213754814e-06	0.01945232244513847	0.00013144614803496562	0.00015952922553727426	0.00013135454514563025	8.314311587852632e-05	0.018024547862310097	0.00010924886532525521	0.00011337472703279017	0.00010563484324847604
1954-06-01	0.00023491435594280436	0.019075645194728055	0.00011889810792762196	0.00013339296177033373	0.00011142221389669371	8.177439225967481e-05	0.018096015551905664	0.00011041889406384389	0.00011369700030093092	0.00010695940944627217
1954-07-01	0.0002091371429665412	0.018371136478668462	0.00011028957347542818	0.00013568296107426366	0.00010334153808188757	7.789772150643622e-05	0.018191483270094764	0.00011235686817534691	0.00011393039405738164	0.00010912933182961158
1954-09-01	8.63064260036629e-05	0.01932496205586817	0.00012731496192212082	0.0001402233095173574	0.00012479937806982838	8.308439994088283e-05	0.0182996074366263	0.00011371526856227976	0.0001163474931469012	0.00011051700807906479
1954-10-01	5.350960717330364e-05	0.017471400019877174	0.0001046325204288494	0.00010364077559751493	0.0001031485134467512	8.864977393994465e-05	0.018319685655798102	0.00011396779822055794	0.00011683292871695032	0.00011078153025627632
1954-11-01	5.1188876225767906e-05	0.019527391853873085	0.00013028388781716004	0.00012082425171761494	0.00012801074761539837	9.459384350362163e-05	0.018251717927610177	0.00011311445715018144	0.00011538670076752893	0.00010992289836124615
1954-12-01	2.5293183036438023e-05	0.019692446971839295	0.00013223411901234423	0.00013031568727611808	0.00012959213958233247	0.0001009166086319138	0.018095704252062517	0.00011115524535115029	0.00011200880929863711	0.00010794111239397435
1955-02-01	0.00014068842516792634	0.01769484781050035	0.0001051869944921693	9.350887411085838e-05	0.00010161599622509631	0.00010761806932482116	0.017851644629155124	0.00010809016282346446	0.00010669925431027483	0.00010483617235446087
1955-03-01	7.437438719036457e-05	0.016130919667170004	8.80828112064924e-05	8.750628948679596e-05	8.574159689326014e-05	0.00011469822558234374	0.017519539058888003	0.00010391920956712397	9.945803580244207e-05	0.00010060807824270573
1955-04-01	9.561725786529332e-05	0.016421901361913543	8.960838912034109e-05	7.83494865665551e-05	8.566352542982295e-05	0.00011763283963653001	0.01715899543331512	9.948906253403713e-05	9.221193336671972e-05	9.620640779401745e-05
1955-05-01	0.00010830427573184857	0.016765799490035968	9.622464086754845e-05	8.891973217792706e-05	9.500882452483421e-05	0.00012038363123606654	0.016889372789917152	9.619463863856259e-05	8.686463536508873e-05	9.293897360240674e-05
1955-06-01	0.00010787584728202677	0.01637603624188396	8.98759524653512e-05	7.381328414502125e-05	8.6674152033209e-05	0.00012295060038095332	0.016710671128694097	9.403593788070028e-05	8.341614179754913e-05	9.080577566787365e-05
1955-07-01	0.0001460059656111364	0.01699698325744497	9.564303415406444e-05	8.726021843028322e-05	9.100955682755113e-05	0.00012533374707119035	0.016622890449645957	9.301296026045027e-05	8.186645266410094e-05	8.980681399041813e-05
1955-09-01	0.0002668517293650995	0.014982817993731926	7.341938113840618e-05	5.892927648606118e-05	6.933036340298506e-05	0.0001275330713067776	0.01662603075277274	9.312570577781252e-05	8.221556796474414e-05	8.994208857004022e-05
1955-10-01	0.00012592380895105928	0.017997364562737123	0.00010815345827233571	9.398031884537586e-05	0.00010396868502221757	0.00012954857308771514	0.01672009203807443	9.437417443278705e-05	8.446348769947871e-05	9.121159940673988e-05
1955-11-01	9.002326694273451e-05	0.017587474832057488	0.00010430235272916039	8.765469152051691e-05	0.00010121142337197117	0.00013435493182437514	0.016736938176739852	9.395863967185514e-05	8.317295154061001e-05	9.078330610801494e-05
1955-12-01	3.5320533274448132e-06	0.018451979706504074	0.00011620858182854412	0.00010733404262669506	0.00011407205942346284	0.00012875240175207395	0.01705691350406853	0.00010106104489380145	9.223551811335525e-05	9.789787057567443e-05
1956-01-01	0.00011137083668934518	0.014281185043140394	6.968041210098228e-05	6.13096186804987e-05	6.887684523462323e-05	0.00011274098287081152	0.01768001802006048	0.00011568139009862592	0.00011165118741771442	0.00011255529280971831
1956-02-01	0.00017907203482723895	0.019174632002494467	0.00012343738963424073	0.0001256954725939433	0.00011927158706032482	8.632067518058784e-05	0.018606251724715688	0.00013781967528632858	0.00014141995945368756	0.0001347555728101466
1956-03-01	0.00019445020580152175	0.015923486229236308	8.407588754211794e-05	6.976253678882436e-05	8.040493423998633e-05	4.949147868140292e-05	0.019835614618034153	0.00016747590045690944	0.0001815418342212746	0.0001644987105769593
1956-04-01	0.0001807297805551831	0.01627061610661738	8.815197656664656e-05	7.751037174472526e-05	8.451723882336983e-05	2.253393373256794e-06	0.021368106700015887	0.0002046500656103685	0.00023201681172047557	0.0002017847061101564
1956-05-01	0.000175656511304747	0.016248339715346557	8.738352173413315e-05	7.641173651926054e-05	8.331296831008392e-05	-4.0466882193640366e-05	0.022868397467438156	0.00024200562372155585	0.00028292975400321795	0.00023921804974159073
1956-06-01	2.7711453083528096e-05	0.019820769490607515	0.00013808613568846564	0.00014688709858033119	0.00014013947718589592	-6.647399399784421e-05	0.02376883592277298	0.00026441556820147095	0.0003133846860319369	0.0002616802882810172
1956-09-01	-0.001175261632231652	0.06264759194156329	0.0013372943292779508	0.0017679179644630374	0.001328637583719486	-7.576794203935471e-05	0.024069422066020352	0.000271879899050114	0.00032338160780663236	0.0002691714217284359
1956-10-01	-1.0666901174323338e-05	0.020583457221451294	0.0001479162864212934	0.00015156016273052965	0.00014879979727276102	-6.834872631817187e-05	0.02377015589718027	0.0002643986162674849	0.00031292051932730436	0.00026169145008384675
1956-11-01	3.582537568778769e-05	0.019391572997900744	0.00012858215392139223	0.00011642495760808329	0.000126472801802586	-4.421634683429575e-05	0.022871037416252737	0.00024197171985358362	0.00028200142059395293	0.0002392403733472499
1956-12-01	9.092732008772316e-05	0.019406917250549886	0.00012717836721752712	0.00013376957966436086	0.00012351577796526438	-3.3708035877262867e-06	0.02137206662323775	0.00020459920980841017	0.000230624311606578	0.00020181819151864517
1957-01-01	2.1414274702490356e-06	0.01801035813384646	0.00011157139798606329	9.975435936786733e-05	0.00011050568819666375	3.0630673214056546e-05	0.020014366316690745	0.00016956079805804524	0.00018237774874750397	0.0001668263758178236
1957-02-01	7.939145921522371e-05	0.018075465103299986	0.00011038820741545412	9.371397068356023e-05	0.00010740097610751057	5.842248822306481e-05	0.019011234733366588	0.00014278949559163337	0.00014571267836578674	0.00014005497565938528
1957-03-01	8.265537295750306e-05	0.01812779918270675	0.00011056633877249775	9.576474921132643e-05	0.00010697531918245154	8.000464143929849e-05	0.01836267187326529	0.00012428530240917455	0.0001206291004614263	0.00012150399104333018
1957-05-01	3.9492870405917664e-05	0.017808717927753532	0.00010806608631124861	0.00010441056071269391	0.0001057680772153886	9.537713286275758e-05	0.018068677736386842	0.00011404821851066882	0.00010712701503442267	0.00011117342196965829
1957-06-01	0.00016389637132822784	0.01660068356416657	9.194789297709786e-05	7.981827885284014e-05	8.843622909724194e-05	0.00010453996249344212	0.018129252322731257	0.00011207824389611613	0.00010520642208477582	0.00010906326843836963
1957-07-01	0.0002636801446694432	0.014844577466280791	7.265703321956156e-05	5.417226074689741e-05	6.915455486368334e-05	0.00010749313033135207	0.01854439563229852	0.00011837537856551654	0.0001148673216124858	0.00011517353044946418
1957-09-01	0.0002581822249369606	0.01595651496175085	8.615450476520502e-05	9.278297275127167e-05	8.407598798357445e-05	0.00012026318602918415	0.018677366360693934	0.0001205064359073528	0.00011832763353958911	0.00011713485338296292
1957-10-01	-5.03867642830747e-05	0.022996107204909858	0.00018175796731624246	0.00018026748134742168	0.00017963005723042338	0.00012996568253785477	0.018760553205264374	0.00012187802100602486	0.0001204526077332086	0.00011840813633549576
1957-11-01	2.553305559496336e-05	0.020207750919729758	0.00013927013635204615	0.00012068898137514573	0.00013671793653213116	0.0001366006198573639	0.018793956166009824	0.00012249013386153273	0.00012124224419334423	0.00011899337930706266
1957-12-01	0.00012041211505767439	0.017587991280108555	0.00010474113840942675	9.238928709802661e-05	0.00010216189053432797	0.0001401679979877116	0.01877757524293029	0.00012234277447387636	0.000120696542919996	0.00011889058229766364
1958-01-01	0.00026414617546931637	0.01745761039291818	0.00010030861873476324	0.0001254492586392225	9.494258861469114e-05	0.00014066781692889785	0.018711410436025783	0.00012143594284305583	0.00011881550391316394	0.0001180997453072987
1958-02-01	5.7338921397449196e-05	0.02399664983185959	0.00019427223187458087	0.00022029344051168067	0.00018797081231968204	0.00013810007668092265	0.01859546174529629	0.00011976963896907109	0.00011559912717284803	0.00011662086833596787
1958-03-01	8.830843701350163e-05	0.01768389642032367	0.00010639735726848363	8.485234317129937e-05	0.00010429444730799139	0.00013741939134590545	0.01867382450706128	0.00012060057436360356	0.00011571984369522295	0.00011736229040577211
1958-04-01	0.00017572265791325383	0.020426478093161955	0.00013956888575487764	0.00012300142942099114	0.00013417614088202814	0.0001364145385423546	0.01881749898141072	0.0001223554561717213	0.00011718177909675293	0.00011904384615707925
1958-05-01	0.00022299533357126499	0.01568760120665546	8.324365729723536e-05	7.447438326608782e-05	8.142136459608675e-05	0.00013508551827027014	0.01902648516834459	0.00012503428439342433	0.00011998493337743806	0.00012166553558988927
1958-06-01	0.0002530681866208539	0.016363917072260366	8.901429388846295e-05	7.392909706607896e-05	8.535937730589792e-05	0.00013343233052965205	0.01930078306786292	0.0001286370590287127	0.00012412930653727828	0.00012522735870420222
1958-07-01	0.0002249527593563575	0.01654223132563188	9.100133207710959e-05	7.793216032939826e-05	8.721732868291724e-05	0.0001314549753205004	0.019640392679965684	0.0001331637800775864	0.00012961489857627365	0.00012972931550001804
1958-09-01	-0.00010865225046597018	0.021989676513260885	0.0001686181496399289	0.0001825555575235027	0.00016894880151414735	0.00012915345264281506	0.020045314004652887	0.00013861444754004534	0.00013644170949442407	0.00013517140597733677
1958-10-01	0.0002403757135907798	0.01945607294626994	0.00012506793137892174	0.00010757217730399868	0.00011902197276751671	0.00011835151158143705	0.020491869169236617	0.00014455313984331722	0.00014355374186365526	0.00014122979843621792
1958-11-01	0.00017884410693604126	0.021262578793868468	0.00015334488969279424	0.00014496589960588302	0.00014998101840903592	0.00011233819188199899	0.02080039660628817	0.00014865613523630815	0.00014869515198190857	0.00014544756705160103
1958-12-01	0.00016082265358367064	0.021505183122793425	0.0001552914919378422	0.00015636014243807877	0.0001501276682469972	0.00011111349354450086	0.02097089631580755	0.00015092343371901813	0.00015186593984918407	0.00014782471182348613
1959-02-01	0.0001281007350849323	0.019272673361826646	0.0001257229959489998	0.00011115124644029995	0.00012264081118515814	0.00011467741656894271	0.021003368297794752	0.00015135503529144708	0.00015306610546548174	0.0001483612327518732
1959-03-01	-0.00011675371960182179	0.024288629873519124	0.00020736948633862074	0.0002388926225277014	0.00020994651754304631	0.00012302996095532454	0.02089781255224979	0.00014995093995359514	0.0001522956488308016	0.0001470571298367623
1959-09-01	0.00017387134935628262	0.02211349349905616	0.00016307511492273202	0.00017776172382251253	0.00015612201694487315	0.0001361711267036463	0.020654229079172647	0.00014671114770546223	0.0001495545699451436	0.00014391240307815332
1959-10-01	0.00019537679295208557	0.019276013981175545	0.00012599069956858574	0.00011222590208610882	0.00012316324560228352	0.00014964392732594962	0.02047280797384078	0.0001441982172575373	0.00014747120837403904	0.00014131658655447039
1959-11-01	0.0001880393392752672	0.022711885544959936	0.00017570197719001394	0.00017973221872785234	0.0001722131180056544	0.00015987942587197221	0.020282761282458345	0.0001416023316448583	0.00014527803824231642	0.00013870610669721326
1959-12-01	0.00027709855337751117	0.018641736940528706	0.0001180349330003201	0.00011697587663110756	0.00011555604124903623	0.00016687762234171403	0.020084089005025334	0.00013892349086742532	0.00014297505954997573	0.00013608096350638203
1960-01-01	0.00017336170688567063	0.01647497900295106	9.219857108752448e-05	8.598583629407796e-05	9.027497230208026e-05	0.00017063851673517513	0.01987679114154174	0.00013616169492523832	0.00014056227229701697	0.00013344115698197666
1960-02-01	0.00010893864010992449	0.022068691723234207	0.00016727258029754043	0.0001943876618582997	0.00016499746200040867	0.0001711621090523555	0.01966086769200758	0.0001333169438182973	0.00013803967648344016	0.00013078668712399722
1960-03-01	0.00017080102606302822	0.01944336272580031	0.0001295560991671843	0.00013564254402744343	0.00012786759424575554	0.00016844839929325511	0.019436318656422848	0.0001303892375466022	0.0001354072721092453	0.00012811755393244358
1960-04-01	6.792053052134054e-07	0.017072760387308095	0.00010101096117356859	9.927961911653225e-05	0.00010048069875989694	0.00015879756803654235	0.019088290727950052	0.00012596900054243936	0.00013145510059241354	0.00012409604841824012
1960-05-01	0.00011667149758652143	0.019216143825012886	0.00012663769274768677	0.00012022118049326084	0.00012499530761214865	0.00015499360911950345	0.018861426723983735	0.0001231335968700764	0.0001289269350960737	0.00012157084309542299
1960-06-01	0.00013569374441571482	0.017344397933101663	0.00010288643360647584	9.654933330610484e-05	0.000101268829028465	0.00015703652254213835	0.018755726644523896	0.00012188302652951333	0.00012782277562022564	0.00012054193796399223
1960-07-01	0.00016422728818677002	0.01876149526412407	0.00012105835342018313	0.00013187940008821825	0.00011987954577881581	0.0001649263083044471	0.018771190489570534	0.0001222172895207501	0.00012814262216486944	0.00012100933302394785
1960-09-01	0.00013833256001440428	0.021814167559920876	0.00016643082882097986	0.00020182529240639	0.00016722957098283157	0.00017866296640642974	0.01890781825912365	0.00012413638584378678	0.00012988647473000502	0.00012297302827528984
1960-10-01	0.00034673748728392253	0.017733014146323455	0.00010520584310303347	0.00010782794856228007	0.00010147979860951694	0.00019824649684808615	0.019165609953183248	0.0001276403154986233	0.00013305433331563246	0.00012643302371801823
1960-11-01	0.0002326868867821328	0.0156921260595012	8.446277990660934e-05	7.373746605234015e-05	8.367719352681666e-05	0.0002258832399987075	0.01925069042321324	0.0001288214454123661	0.0001344900342485608	0.00012754830992995104
1960-12-01	0.0002136956386275524	0.01848220034849044	0.00011704392491374775	0.00011816324174734008	0.00011559336925020653	0.00024565831120388726	0.01928897223922321	0.0001293970407238042	0.00013486661407981676	0.00012809408384948444
1961-01-01	0.0003263042554890697	0.02167130744063379	0.00016073021733500794	0.00018030562564446447	0.00015835058247557783	0.0002575717104636255	0.019280455401213162	0.00012936710143293762	0.00013418407280940033	0.0001280703454766185
1961-02-01	0.0001033254234711808	0.022534484757093597	0.00017863434356100202	0.00020957512178320894	0.0001809075559978166	0.00026162343777792215	0.0192251399091831	0.00012873162753976634	0.00013244241043731156	0.00012747709481135313
1961-03-01	0.00024856728060445546	0.020518081571880675	0.00014422874455840323	0.00014453517029397027	0.00014236983329697173	0.0002578134931467773	0.019123025763133024	0.00012749061904429032	0.0001296416269635504	0.00012631433185368837
1961-04-01	0.0003794821651951541	0.018869387372191158	0.00012143787916822075	0.00011016438958166841	0.00011952942876941703	0.00024614187657019085	0.01897411296306293	0.00012564407594650964	0.0001257817223881169	0.00012458205660362425
1961-05-01	0.00029743304557574337	0.01742013122336014	0.00010440223003964061	0.00010209186613853197	0.00010374588578742787	0.0002439204582155048	0.018895441664451847	0.00012471192485700425	0.0001224407871612321	0.00012378039980681172
1961-06-01	0.00032623526138248003	0.016502175191522268	9.181191736375493e-05	8.412450185122595e-05	8.939380578866529e-05	0.0002419675090640492	0.018854616510796608	0.0001242452472778257	0.00012052914995115585	0.00012342250841798183
1961-07-01	0.000226154670669467	0.01654647777279305	9.384553432828353e-05	8.455242859362722e-05	9.276017877890184e-05	0.00024028302911582405	0.0188516375020972	0.00012424404320897394	0.00012004681075788805	0.00012350838243713452
1961-09-01	-8.270658234419646e-05	0.023501134945991348	0.0001947109975060252	0.0001772195382802758	0.0001993940414000565	0.00023886701837082936	0.01888650463835364	0.00012470831265044905	0.00012099376958142875	0.00012403802186426982
1961-10-01	0.00034554902740112527	0.02003350124608166	0.000135866616826168	0.00014886337758546905	0.0001324731517367262	0.00023771947682906514	0.01895921791956592	0.00012563805560225096	0.00012337002642177797	0.00012501142669938772
1961-11-01	0.0002363798352743936	0.017159446443955284	0.00010099195869472854	9.400171493111745e-05	9.989191042901413e-05	0.00023684040449053136	0.01906977734573403	0.00012703327206437968	0.00012717558127893567	0.00012642859694248824
1961-12-01	0.00022319942780679684	0.017476523081746454	0.00010529796928772475	9.785487354966705e-05	0.00010469758747723898	0.00023112250679883245	0.01919834018063705	0.00012872742959863748	0.00013112058667657983	0.0001281635507753268
1962-01-01	0.00014173542273670308	0.022217914850696262	0.00017146742492773088	0.0001929004016772341	0.00017138674337810814	0.00022729943215229868	0.01925405433544153	0.00012944871258726271	0.00013356533121403795	0.000128879043872304
1962-02-01	0.00023586340054023266	0.018797445285739078	0.00012374492913019337	0.0001186008931002252	0.00012507262522743636	0.0002253711805509301	0.019236919810147475	0.00012919712103025537	0.00013450981489131005	0.00012857507623341977
1962-03-01	0.0002122446670197253	0.02145662709044199	0.00015931219064780307	0.00016737273034403988	0.00015893606454751277	0.00022533775199472662	0.01914693660475488	0.00012797265492761538	0.00013395403770839612	0.0001272516478586742
1962-04-01	0.00030239272794510563	0.020220212598386512	0.00014083510391724595	0.00016857098400904712	0.0001396238298084602	0.0002271991464836884	0.01898410471926374	0.00012577531427934285	0.0001318979996652962	0.00012490875874806724
1962-05-01	0.00023496218917417743	0.017706128391637193	0.0001077077849994164	0.00010696485698403459	0.00010666650712338198	0.00023095536401781532	0.018748424153674066	0.0001226050990854377	0.00012834170076201024	0.00012154640890159892
1962-06-01	0.0003292057555072187	0.01699286271946159	9.587427238288187e-05	0.00010326368677199786	9.172246906912116e-05	0.00023631795552724594	0.01857566875356613	0.00011985845926409147	0.00012604204332093244	0.0001184886556774621
1962-07-01	0.00026414706989761206	0.016542832849079193	9.10470537724689e-05	9.972777679930704e-05	8.724518109649365e-05	0.0002373181687905274	0.018441107036375602	0.00011793720408978853	0.0001242234672637675	0.00011639873971044511
1962-09-01	0.00015388056098153616	0.021581089970702304	0.00016101493745794744	0.00018679392141273464	0.00016024616974684365	0.00023395600380765963	0.018344739002102466	0.0001168413335625289	0.00012288597259051544	0.00011527666100054793
1962-10-01	0.00024630139956363954	0.014336105443831515	6.981657800926066e-05	6.100196443123332e-05	6.849004902677403e-05	0.00022623146057864269	0.018286564650746743	0.00011657084768231256	0.00012202955930117626	0.00011512241954777055
1962-11-01	0.00020935056486606223	0.02019065018823151	0.0001405726554103859	0.0001418858153105689	0.00013965355876738262	0.00021414453910347656	0.018266583982308425	0.0001171257464491395	0.00012165422739574996	0.000115936015352113
1962-12-01	0.00021275671091839577	0.019051675083853994	0.00012618342947290256	0.000129502490584926	0.00012647062002301812	0.00019769523938216124	0.018284796996787513	0.00011850602986300978	0.00012175997687423656	0.00011771744841357522
1963-01-01	0.00018338023264437384	0.020609819381806338	0.0001461628258888529	0.00015096559347320366	0.0001448257300004345	0.0001824060432062953	0.018457947655569292	0.0001217355716180996	0.00012420709801478727	0.00012141482945579174
1963-02-01	0.0001104259975789116	0.019237531991405814	0.00012821965426964942	0.00013843968522608556	0.00012791000823825707	0.0001718802960173341	0.018538452325463646	0.00012338475099841125	0.00012513783531700094	0.00012337493477097193
1963-03-01	0.00023836246655127463	0.017221086631367913	0.0001025655436604954	9.27992121844798e-05	0.00010240352516558839	0.00016611799781527758	0.01852631100647057	0.0001234535680039447	0.00012455218878087748	0.0001235977643591158
1963-04-01	0.0002766560897293459	0.015048589853059501	7.632843209600548e-05	6.620625511684813e-05	7.425276104806305e-05	0.00016511914860012572	0.018421523698590077	0.00012194202263469999	0.00012245015840641694	0.0001220833182202233
1963-09-01	-9.647844411528865e-05	0.025521370751814296	0.00023116910319094592	0.0002495301460206725	0.00023720260314568332	0.00016888374837187856	0.018224090401822147	0.00011885011489067709	0.00011883174419361933	0.00011883159635429449
1963-10-01	0.00020708751867083683	0.013662617701986499	6.391611760791409e-05	5.579829504898303e-05	6.323764692543643e-05	0.00017741179713053613	0.0179340111161668	0.000114177844771876	0.00011369694614248462	0.00011384259876132935
1963-11-01	0.00017245999500567786	0.015880442736486602	8.771623775433026e-05	8.309814992931042e-05	8.797836578489513e-05	0.00018218654523156102	0.01752288854950916	0.00010854101674652547	0.00010696982757223735	0.00010800540358947452
1963-12-01	0.00021126280936208135	0.020086609287683643	0.00013801972761502235	0.00014470984430331625	0.00013596529909291042	0.0001874088908700614	0.017139609560341777	0.00010340860228790681	0.00010117381546499013	0.0001027057500850653
1964-01-01	0.00017945160578087705	0.015040086894835917	7.866111864903054e-05	6.434313391481107e-05	7.894429822379574e-05	0.00019307883404603721	0.016784174148664656	9.878060139602002e-05	9.630890982074291e-05	9.794363824810166e-05
1964-02-01	0.0002451884081035503	0.01704276653635612	9.912172570680471e-05	9.490993878009478e-05	9.753814159407732e-05	0.0001991963747594886	0.016456582314477785	9.465701407086506e-05	9.237511063949576e-05	9.371906807858364e-05
1964-03-01	0.00019089255868076708	0.017229381991074447	0.00010237847880511764	0.00010151802819169048	0.0001019425911654291	0.0002057615130104154	0.016156834057781178	9.103784031244197e-05	8.937241792124864e-05	9.003203957651123e-05
1964-04-01	0.000174907413786166	0.01751016566843731	0.00010386958731731667	0.00010623952707787829	0.00010128219348969289	0.0002127742487988177	0.015884929378574834	8.792308012075074e-05	8.730083166600159e-05	8.688255274188438e-05
1964-05-01	0.00016626753961454218	0.014219663514024983	6.980023550152153e-05	6.592969504973001e-05	6.952407691421302e-05	0.00021740331049131454	0.01562774460605345	8.480262259691286e-05	8.504201966956717e-05	8.364559095413139e-05
1964-06-01	0.0003287698626526317	0.01526626985015666	7.6439022975164e-05	7.494676665703366e-05	7.231274751271681e-05	0.00021936049783478402	0.015479275069498033	8.303344260272171e-05	8.393900649971668e-05	8.180655970853413e-05
1964-07-01	0.00022512134364027542	0.014565795040985834	7.20359261083719e-05	7.283254219502645e-05	7.053910940307614e-05	0.00021864581082922614	0.015439520768908581	8.261554013817732e-05	8.399179215645014e-05	8.136545900509258e-05
1964-09-01	0.0002848927687636993	0.0190119520850117	0.00012556990241946336	0.00016469511254576442	0.00012557631990091242	0.00021525924947464096	0.01550848170428509	8.354891520327969e-05	8.520037663976754e-05	8.232228884380677e-05
1964-10-01	0.0001924992750803425	0.01410344788291273	6.870558966894246e-05	6.229628523141982e-05	6.854868932573783e-05	0.00020920081377102836	0.015686157875627563	8.583356779802885e-05	8.756475994966886e-05	8.467704922467675e-05
1964-11-01	0.00018726413524318232	0.012884882731520338	5.676637144076006e-05	4.359349273296185e-05	5.6083706311603834e-05	0.0002004705037183885	0.015972549282936	8.946949792242472e-05	9.108494208615413e-05	8.842974014770242e-05
1964-12-01	0.00019224332791059314	0.015943706012197963	8.778339850186671e-05	7.916968371771415e-05	8.739293221249607e-05	0.0001913699689776521	0.016098896374871337	9.136063608672139e-05	9.238786131900128e-05	9.050067803853483e-05
1965-01-01	0.00012785791089585217	0.014395413571981574	7.177105669163895e-05	6.417603102079195e-05	7.180155872039868e-05	0.00018508411353300593	0.016155977745385137	9.233701593932058e-05	9.26429522384781e-05	9.163464203596634e-05
1965-02-01	0.0001975128315461073	0.016513152317846728	9.366704158394893e-05	9.027421412060513e-05	9.281754070473134e-05	0.00018161293738444995	0.0161437933944774	9.239863748022225e-05	9.185021484458462e-05	9.183163213999696e-05
1965-03-01	0.0001371219902658887	0.01307272329099757	5.737411068767992e-05	5.031750128162567e-05	5.559827712540263e-05	0.00018095644053198418	0.016062343322148124	9.154550070942648e-05	9.00096491373208e-05	9.109164835062667e-05
1965-04-01	0.00020894437765891843	0.02092864886392688	0.0001515952072254668	0.00017663528258064228	0.00015105814477295147	0.00018311462297560864	0.01591162752839731	8.977760562693317e-05	8.712125511668665e-05	8.941469066785552e-05
1965-05-01	0.00018271377128085086	0.01922731984816771	0.00012772602286938	0.00013299811290881004	0.00012705132552619824	0.0001880874847153232	0.01569164601322496	8.709495223274242e-05	8.318503278268225e-05	8.680075909168343e-05
1965-06-01	0.00016818643332151663	0.01744212785061112	0.00010690808974517874	0.00011596975464723926	0.00010832913218646178	0.0001891704957326041	0.015785109617106965	8.815295118041531e-05	8.429547480894434e-05	8.800413767442569e-05
1965-07-01	0.00022856687386593356	0.01694008618535013	9.973282290809961e-05	9.323742700806502e-05	9.999179764572972e-05	0.00019068941039740369	0.015884351303280454	8.925417177450931e-05	8.5459393693516e-05	8.922418560776234e-05
1965-09-01	0.00019061754917353908	0.015067684112916315	7.95374593582174e-05	6.735498962136233e-05	8.048054923434189e-05	0.00019264422870972207	0.015989371071745424	9.039861401502446e-05	8.667678943639724e-05	9.046090289169343e-05
1965-10-01	0.0002119780255657087	0.01298613082019741	5.802479602855314e-05	4.560962142245986e-05	5.7750049341434375e-05	0.00019503495066955915	0.01610016892250187	9.158627790196076e-05	8.794766203758806e-05	9.171428952621893e-05
1965-11-01	0.00021261088871869454	0.013080143471710295	5.846005998693762e-05	4.554914406621365e-05	5.7733725458568e-05	0.00019786157627691502	0.016216744855549806	9.281716343531819e-05	8.927201149708843e-05	9.298434551133888e-05
1965-12-01	0.00019951918585241622	0.015509379094500416	8.288794199792359e-05	7.652017104637778e-05	8.232112895156653e-05	0.0002011241055317896	0.016339098870889218	9.409127061509677e-05	9.064983781489838e-05	9.42710708470532e-05
1966-01-01	8.699045661621917e-05	0.016945186042513733	0.00010153697108466773	0.00010954545251298674	0.00010349630493147071	0.00020440305385465934	0.01637183340683346	9.42022697104594e-05	9.067157925282394e-05	9.438289482642211e-05
1966-02-01	0.00019708484112473194	0.016687214180560486	9.55307826500202e-05	9.490795266676108e-05	9.44431142299541e-05	0.00020563077565985085	0.01649596851110211	9.560523503086141e-05	9.250089329398181e-05	9.576990619036794e-05
1966-03-01	0.00017274321556850705	0.017770211095728402	0.0001106054819220677	0.00011266147291522072	0.00011168350246415426	0.0002048072709473642	0.016711504183695162	9.83001665763028e-05	9.613777993837199e-05	9.843210493889069e-05
1966-04-01	0.00021591794728515994	0.01789644394504554	0.00011217451680747889	8.750445108266354e-05	0.00011344179922582388	0.00020193253971719936	0.017018440424612626	0.00010228706434678358	0.00010158223918599443	0.00010236949107199033
1966-05-01	0.00021796686515905935	0.0189051474221829	0.00012416431016866567	0.0001364723687109646	0.00012434192804435798	0.0001970065819693564	0.017416777233854493	0.00010756592834230372	0.00010883427103684917	0.00010758206458966692
1966-06-01	0.00032971731838092795	0.01395121125207536	6.589726246906763e-05	6.0116972984554395e-05	6.445956377163018e-05	0.00019002939770383526	0.017906514611420763	0.00011413675856286326	0.00011789387549093621	0.00011406982549192042
1966-07-01	0.0003231232908574152	0.01581741953998675	8.418578054814796e-05	7.552848468523711e-05	8.17527807704015e-05	0.00020086430853425428	0.01806033719023862	0.00011681278693498676	0.00012221192313056743	0.00011666784438598455
1966-09-01	0.000127639563054256	0.022111529357730385	0.00017072946611258635	0.00019638517786722332	0.00017166051183940036	0.00020011866298729462	0.018273424999774985	0.0001197632651125023	0.0001263612763599922	0.00011938155127442628
1966-10-01	0.00022228860254722897	0.01793708373395278	0.00011073031379182883	0.0001284423300666588	0.00010985539446540585	0.00018779246106295628	0.018545778040029843	0.00012298819309540984	0.0001303419351792105	0.00012221094615724558
1966-11-01	-1.1497337820072709e-05	0.025885423376354532	0.000234500507135267	0.0002631748366670084	0.0002366985703478278	0.00016388570276123918	0.018877396311003204	0.00012648757088370936	0.0001341538995882223	0.00012515602903444243
1966-12-01	0.00019284077832867956	0.016300960443305295	9.1597588689298e-05	9.080225996131016e-05	9.117297817870084e-05	0.00012839838808214338	0.019268279812695063	0.00013026139847740087	0.00013779716958702766	0.00012821679990601684
1967-01-01	0.0001960474431953294	0.01706748046453332	9.923693794020272e-05	0.00010055845021520403	9.758015417427136e-05	8.133051702566887e-05	0.019718428545105422	0.00013430967587648444	0.00014127174517562655	0.00013139325877196885
1967-02-01	-7.355574312534014e-06	0.019761793397577596	0.00012621148219791334	0.00012333751035555927	0.00011769260663569755	4.5222519624374895e-05	0.02016415488487179	0.0001388790792828626	0.00014586314210573938	0.0001354069342715896
